Coordinate,2018-06-16,2018-07-10,2018-10-31,2018-11-16,2018-12-16,2019-01-16,2019-02-14,2019-03-16,2019-04-16,2019-05-16,2019-06-16,2019-07-16,2019-08-16,2019-09-16,2019-10-16,2019-11-16,2019-12-16
"(-36.5, 17.5)",0.00021,0.02078,0.08339,0.03652,0.02036,0.02677,0.01244,-0.00272,0.00481,0.02431,0.04048,0.06209,0.04439,0.06243,0.06209,0.04095,0.01557
"(-36.5, 18.5)",-0.00134,0.02044,0.08103,0.02896,0.01903,0.01668,0.00657,-0.00170,0.00538,0.02385,0.04239,0.05789,0.04424,0.06332,0.05522,0.03468,0.01382
"(-36.5, 19.5)",-0.00180,0.02005,0.07582,0.02142,0.01747,0.00779,0.00132,-0.00058,0.00707,0.02235,0.04364,0.05369,0.04314,0.06331,0.04694,0.02987,0.01317
"(-36.5, 20.5)",-0.00128,0.01992,0.06824,0.01457,0.01600,0.00128,-0.00286,0.00055,0.00994,0.02004,0.04427,0.04978,0.04098,0.06239,0.03806,0.02726,0.01369
"(-36.5, 21.5)",-0.00005,0.02036,0.05923,0.00902,0.01483,-0.00208,-0.00561,0.00165,0.01389,0.01732,0.04436,0.04628,0.03790,0.06065,0.02952,0.02719,0.01535
"(-36.5, 22.5)",0.00148,0.02157,0.04998,0.00517,0.01406,-0.00203,-0.00679,0.00271,0.01867,0.01463,0.04403,0.04323,0.03426,0.05834,0.02224,0.02943,0.01804
"(-36.5, 23.5)",0.00286,0.02361,0.04160,0.00312,0.01372,0.00111,-0.00648,0.00378,0.02382,0.01241,0.04347,0.04067,0.03063,0.05583,0.01703,0.03327,0.02157
"(-35.5, 17.5)",0.00166,0.01728,0.07759,0.03835,0.02160,0.02379,0.00881,-0.00381,0.00509,0.01698,0.03415,0.05603,0.04553,0.05673,0.05846,0.04381,0.01472
"(-35.5, 18.5)",0.00041,0.01689,0.07513,0.03120,0.01997,0.01495,0.00375,-0.00337,0.00492,0.01504,0.03542,0.05154,0.04438,0.05660,0.05071,0.03716,0.01142
"(-35.5, 19.5)",0.00015,0.01639,0.07000,0.02356,0.01769,0.00681,-0.00087,-0.00275,0.00602,0.01231,0.03606,0.04689,0.04195,0.05543,0.04113,0.03094,0.00894
"(-35.5, 20.5)",0.00079,0.01603,0.06263,0.01611,0.01510,0.00049,-0.00469,-0.00205,0.00843,0.00913,0.03592,0.04242,0.03815,0.05334,0.03073,0.02604,0.00747
"(-35.5, 21.5)",0.00211,0.01617,0.05395,0.00962,0.01259,-0.00318,-0.00737,-0.00134,0.01199,0.00600,0.03500,0.03840,0.03322,0.05057,0.02074,0.02310,0.00721
"(-35.5, 22.5)",0.00377,0.01710,0.04509,0.00470,0.01049,-0.00385,-0.00871,-0.00061,0.01631,0.00349,0.03354,0.03503,0.02770,0.04750,0.01242,0.02232,0.00829
"(-35.5, 23.5)",0.00539,0.01902,0.03719,0.00170,0.00910,-0.00166,-0.00869,0.00022,0.02087,0.00210,0.03197,0.03252,0.02236,0.04463,0.00682,0.02345,0.01077
"(-35.5, 24.5)",0.00662,0.02197,0.03112,0.00059,0.00863,0.00283,-0.00750,0.00121,0.02511,0.00216,0.03082,0.03109,0.01813,0.04249,0.00465,0.02589,0.01455
"(-35.5, 25.5)",0.00717,0.02589,0.02735,0.00098,0.00911,0.00879,-0.00557,0.00241,0.02852,0.00378,0.03058,0.03100,0.01590,0.04154,0.00611,0.02893,0.01937
"(-35.5, 26.5)",0.00690,0.03065,0.02580,0.00220,0.01039,0.01530,-0.00343,0.00385,0.03077,0.00680,0.03149,0.03241,0.01635,0.04194,0.01083,0.03188,0.02469
"(-35.5, 27.5)",0.00583,0.03608,0.02597,0.00342,0.01210,0.02154,-0.00162,0.00554,0.03175,0.01087,0.03348,0.03524,0.01975,0.04345,0.01793,0.03427,0.02977
"(-35.5, 28.5)",0.00413,0.04189,0.02697,0.00391,0.01375,0.02689,-0.00051,0.00757,0.03154,0.01546,0.03612,0.03912,0.02585,0.04536,0.02619,0.03579,0.03378
"(-34.5, 17.5)",0.00121,0.01404,0.06852,0.03660,0.02154,0.01836,0.00456,-0.00622,0.00340,0.00963,0.02557,0.04923,0.04375,0.04874,0.05161,0.04176,0.01240
"(-34.5, 18.5)",0.00012,0.01361,0.06544,0.02975,0.01898,0.01085,-0.00002,-0.00677,0.00237,0.00623,0.02591,0.04449,0.04106,0.04752,0.04329,0.03524,0.00743
"(-34.5, 19.5)",-0.00004,0.01295,0.05997,0.02199,0.01542,0.00359,-0.00428,-0.00688,0.00277,0.00224,0.02574,0.03918,0.03685,0.04498,0.03273,0.02804,0.00298
"(-34.5, 20.5)",0.00071,0.01227,0.05259,0.01404,0.01126,-0.00242,-0.00792,-0.00669,0.00466,-0.00186,0.02477,0.03381,0.03119,0.04141,0.02110,0.02114,-0.00057
"(-34.5, 21.5)",0.00220,0.01196,0.04417,0.00677,0.00704,-0.00634,-0.01063,-0.00626,0.00779,-0.00548,0.02292,0.02885,0.02449,0.03723,0.00984,0.01544,-0.00283
"(-34.5, 22.5)",0.00420,0.01242,0.03585,0.00097,0.00337,-0.00773,-0.01212,-0.00559,0.01167,-0.00793,0.02049,0.02480,0.01747,0.03299,0.00044,0.01158,-0.00343
"(-34.5, 23.5)",0.00640,0.01403,0.02871,-0.00280,0.00082,-0.00655,-0.01229,-0.00460,0.01573,-0.00867,0.01811,0.02208,0.01107,0.02932,-0.00579,0.00983,-0.00212
"(-34.5, 24.5)",0.00845,0.01697,0.02360,-0.00438,-0.00018,-0.00316,-0.01123,-0.00326,0.01939,-0.00736,0.01660,0.02113,0.00633,0.02691,-0.00797,0.01011,0.00117
"(-34.5, 25.5)",0.01003,0.02128,0.02090,-0.00405,0.00055,0.00181,-0.00929,-0.00156,0.02224,-0.00400,0.01671,0.02228,0.00422,0.02632,-0.00580,0.01208,0.00621
"(-34.5, 26.5)",0.01087,0.02682,0.02050,-0.00249,0.00281,0.00765,-0.00697,0.00047,0.02407,0.00111,0.01881,0.02560,0.00542,0.02773,0.00033,0.01526,0.01241
"(-34.5, 27.5)",0.01085,0.03329,0.02177,-0.00058,0.00607,0.01363,-0.00481,0.00281,0.02488,0.00737,0.02278,0.03075,0.01012,0.03082,0.00938,0.01907,0.01887
"(-34.5, 28.5)",0.00997,0.04023,0.02373,0.00077,0.00953,0.01915,-0.00324,0.00546,0.02481,0.01404,0.02796,0.03699,0.01796,0.03474,0.01981,0.02288,0.02457
"(-34.5, 29.5)",0.00838,0.04708,0.02527,0.00089,0.01234,0.02374,-0.00245,0.00852,0.02411,0.02033,0.03341,0.04323,0.02799,0.03827,0.02988,0.02606,0.02857
"(-33.5, 17.5)",-0.00046,0.01260,0.05746,0.03211,0.01988,0.01151,0.00053,-0.00914,0.00128,0.00317,0.01636,0.04220,0.03993,0.04081,0.04375,0.03557,0.00898
"(-33.5, 18.5)",-0.00122,0.01241,0.05333,0.02532,0.01593,0.00511,-0.00384,-0.01079,-0.00054,-0.00125,0.01552,0.03706,0.03543,0.03848,0.03510,0.02951,0.00271
"(-33.5, 19.5)",-0.00109,0.01179,0.04712,0.01744,0.01079,-0.00139,-0.00801,-0.01177,-0.00088,-0.00606,0.01442,0.03091,0.02931,0.03445,0.02387,0.02184,-0.00331
"(-33.5, 20.5)",-0.00009,0.01085,0.03939,0.00916,0.00493,-0.00715,-0.01175,-0.01218,0.00031,-0.01076,0.01262,0.02437,0.02182,0.02915,0.01127,0.01345,-0.00862
"(-33.5, 21.5)",0.00166,0.00994,0.03105,0.00134,-0.00099,-0.01142,-0.01475,-0.01209,0.00278,-0.01467,0.00999,0.01819,0.01356,0.02317,-0.00116,0.00541,-0.01270
"(-33.5, 22.5)",0.00400,0.00960,0.02319,-0.00512,-0.00619,-0.01368,-0.01669,-0.01150,0.00601,-0.01710,0.00685,0.01308,0.00535,0.01721,-0.01179,-0.00130,-0.01503
"(-33.5, 23.5)",0.00669,0.01035,0.01683,-0.00956,-0.00992,-0.01375,-0.01737,-0.01036,0.00938,-0.01747,0.00392,0.00977,-0.00178,0.01210,-0.01916,-0.00590,-0.01518
"(-33.5, 24.5)",0.00941,0.01260,0.01274,-0.01168,-0.01158,-0.01178,-0.01678,-0.00867,0.01237,-0.01547,0.00218,0.00888,-0.00677,0.00868,-0.02221,-0.00796,-0.01292
"(-33.5, 25.5)",0.01177,0.01655,0.01121,-0.01165,-0.01090,-0.00812,-0.01514,-0.00647,0.01469,-0.01113,0.00253,0.01084,-0.00863,0.00765,-0.02047,-0.00735,-0.00836
"(-33.5, 26.5)",0.01343,0.02211,0.01204,-0.01005,-0.00802,-0.00324,-0.01286,-0.00386,0.01625,-0.00482,0.00544,0.01566,-0.00673,0.00934,-0.01418,-0.00427,-0.00203
"(-33.5, 27.5)",0.01416,0.02897,0.01452,-0.00773,-0.00358,0.00234,-0.01041,-0.00088,0.01716,0.00277,0.01078,0.02285,-0.00092,0.01346,-0.00433,0.00073,0.00520
"(-33.5, 28.5)",0.01390,0.03655,0.01760,-0.00562,0.00149,0.00811,-0.00823,0.00249,0.01762,0.01079,0.01781,0.03132,0.00834,0.01910,0.00748,0.00679,0.01228
"(-33.5, 29.5)",0.01273,0.04411,0.02013,-0.00443,0.00611,0.01358,-0.00654,0.00633,0.01778,0.01832,0.02543,0.03969,0.02000,0.02493,0.01931,0.01281,0.01819
"(-33.5, 30.5)",0.01091,0.05083,0.02110,-0.00453,0.00936,0.01830,-0.00536,0.01078,0.01773,0.02455,0.03242,0.04652,0.03260,0.02953,0.02933,0.01769,0.02224
"(-33.5, 31.5)",0.00877,0.05602,0.01997,-0.00580,0.01074,0.02194,-0.00449,0.01592,0.01749,0.02894,0.03779,0.05076,0.04459,0.03182,0.03618,0.02059,0.02423
"(-32.5, 17.5)",-0.00168,0.01380,0.04614,0.02629,0.01715,0.00501,-0.00206,-0.01106,0.00031,-0.00157,0.00865,0.03535,0.03540,0.03481,0.03684,0.02731,0.00590
"(-32.5, 18.5)",-0.00162,0.01430,0.04078,0.01949,0.01175,-0.00051,-0.00629,-0.01367,-0.00203,-0.00630,0.00664,0.02973,0.02922,0.03148,0.02811,0.02190,-0.00092
"(-32.5, 19.5)",-0.00076,0.01413,0.03368,0.01166,0.00523,-0.00637,-0.01049,-0.01550,-0.00306,-0.01123,0.00464,0.02282,0.02153,0.02612,0.01658,0.01429,-0.00775
"(-32.5, 20.5)",0.00077,0.01317,0.02550,0.00339,-0.00196,-0.01196,-0.01452,-0.01662,-0.00266,-0.01589,0.00223,0.01530,0.01272,0.01926,0.00340,0.00518,-0.01417
"(-32.5, 21.5)",0.00283,0.01168,0.01717,-0.00455,-0.00913,-0.01665,-0.01811,-0.01706,-0.00107,-0.01966,-0.00080,0.00802,0.00340,0.01154,-0.00990,-0.00439,-0.01967
"(-32.5, 22.5)",0.00529,0.01024,0.00969,-0.01137,-0.01551,-0.01996,-0.02091,-0.01681,0.00120,-0.02193,-0.00420,0.00186,-0.00559,0.00374,-0.02173,-0.01329,-0.02367
"(-32.5, 23.5)",0.00796,0.00953,0.00399,-0.01640,-0.02032,-0.02163,-0.02264,-0.01587,0.00360,-0.02218,-0.00727,-0.00231,-0.01330,-0.00321,-0.03059,-0.02043,-0.02562
"(-32.5, 24.5)",0.01060,0.01023,0.00071,-0.01928,-0.02291,-0.02156,-0.02315,-0.01427,0.00570,-0.02014,-0.00910,-0.00370,-0.01870,-0.00831,-0.03530,-0.02491,-0.02515
"(-32.5, 25.5)",0.01289,0.01276,0.00006,-0.02004,-0.02291,-0.01981,-0.02247,-0.01209,0.00731,-0.01581,-0.00881,-0.00178,-0.02081,-0.01066,-0.03519,-0.02615,-0.02212
"(-32.5, 26.5)",0.01452,0.01725,0.00179,-0.01906,-0.02035,-0.01649,-0.02083,-0.00941,0.00850,-0.00952,-0.00589,0.00354,-0.01895,-0.00973,-0.03021,-0.02396,-0.01680
"(-32.5, 27.5)",0.01528,0.02347,0.00519,-0.01699,-0.01573,-0.01179,-0.01852,-0.00622,0.00947,-0.00187,-0.00040,0.01172,-0.01291,-0.00562,-0.02106,-0.01866,-0.00984
"(-32.5, 28.5)",0.01515,0.03089,0.00921,-0.01459,-0.00992,-0.00601,-0.01586,-0.00241,0.01044,0.00636,0.00708,0.02161,-0.00312,0.00089,-0.00913,-0.01113,-0.00215
"(-32.5, 29.5)",0.01427,0.03869,0.01272,-0.01250,-0.00401,0.00038,-0.01309,0.00219,0.01150,0.01426,0.01553,0.03166,0.00942,0.00845,0.00369,-0.00276,0.00533
"(-32.5, 30.5)",0.01290,0.04595,0.01475,-0.01111,0.00102,0.00679,-0.01035,0.00774,0.01256,0.02099,0.02383,0.04027,0.02320,0.01555,0.01544,0.00490,0.01181
"(-32.5, 31.5)",0.01136,0.05178,0.01470,-0.01050,0.00445,0.01264,-0.00763,0.01424,0.01345,0.02588,0.03094,0.04622,0.03660,0.02088,0.02448,0.01048,0.01688
"(-31.5, 17.5)",-0.00120,0.01717,0.03583,0.02025,0.01404,0.00015,-0.00272,-0.01107,0.00102,-0.00439,0.00362,0.02879,0.03076,0.03080,0.03131,0.01859,0.00391
"(-31.5, 18.5)",0.00018,0.01870,0.02931,0.01353,0.00758,-0.00459,-0.00672,-0.01436,-0.00147,-0.00877,0.00062,0.02282,0.02334,0.02670,0.02277,0.01393,-0.00271
"(-31.5, 19.5)",0.00221,0.01931,0.02152,0.00612,0.00026,-0.00980,-0.01091,-0.01694,-0.00297,-0.01312,-0.00200,0.01559,0.01485,0.02059,0.01141,0.00693,-0.00950
"(-31.5, 20.5)",0.00454,0.01861,0.01316,-0.00161,-0.00752,-0.01512,-0.01525,-0.01882,-0.00332,-0.01709,-0.00464,0.00774,0.00563,0.01292,-0.00172,-0.00197,-0.01623
"(-31.5, 21.5)",0.00688,0.01667,0.00507,-0.00913,-0.01521,-0.02017,-0.01953,-0.02000,-0.00268,-0.02022,-0.00751,0.00003,-0.00386,0.00422,-0.01527,-0.01199,-0.02252
"(-31.5, 22.5)",0.00909,0.01405,-0.00188,-0.01588,-0.02220,-0.02457,-0.02343,-0.02044,-0.00148,-0.02208,-0.01050,-0.00673,-0.01301,-0.00483,-0.02781,-0.02207,-0.02787
"(-31.5, 23.5)",0.01106,0.01158,-0.00699,-0.02134,-0.02787,-0.02801,-0.02659,-0.02017,-0.00017,-0.02230,-0.01316,-0.01167,-0.02106,-0.01334,-0.03797,-0.03103,-0.03172
"(-31.5, 24.5)",0.01269,0.01017,-0.00975,-0.02516,-0.03161,-0.03022,-0.02869,-0.01924,0.00092,-0.02067,-0.01484,-0.01397,-0.02708,-0.02023,-0.04460,-0.03773,-0.03349
"(-31.5, 25.5)",0.01386,0.01054,-0.01002,-0.02718,-0.03298,-0.03092,-0.02957,-0.01775,0.00171,-0.01717,-0.01487,-0.01300,-0.03008,-0.02444,-0.04683,-0.04118,-0.03280
"(-31.5, 26.5)",0.01445,0.01308,-0.00804,-0.02752,-0.03183,-0.02977,-0.02914,-0.01570,0.00237,-0.01196,-0.01279,-0.00848,-0.02925,-0.02518,-0.04429,-0.04074,-0.02951
"(-31.5, 27.5)",0.01444,0.01780,-0.00439,-0.02648,-0.02832,-0.02656,-0.02746,-0.01294,0.00319,-0.00543,-0.00852,-0.00076,-0.02414,-0.02224,-0.03721,-0.03634,-0.02389
"(-31.5, 28.5)",0.01398,0.02430,0.00004,-0.02445,-0.02301,-0.02128,-0.02465,-0.00918,0.00439,0.00185,-0.00229,0.00918,-0.01497,-0.01614,-0.02654,-0.02864,-0.01653
"(-31.5, 29.5)",0.01330,0.03185,0.00424,-0.02187,-0.01675,-0.01428,-0.02092,-0.00410,0.00599,0.00917,0.00531,0.01990,-0.00259,-0.00802,-0.01386,-0.01900,-0.00822
"(-31.5, 30.5)",0.01263,0.03946,0.00727,-0.01912,-0.01046,-0.00626,-0.01655,0.00250,0.00780,0.01570,0.01351,0.02979,0.01160,0.00064,-0.00110,-0.00923,0.00020
"(-31.5, 31.5)",0.01212,0.04607,0.00848,-0.01649,-0.00497,0.00187,-0.01181,0.01052,0.00948,0.02069,0.02142,0.03750,0.02591,0.00838,0.00994,-0.00114,0.00802
"(-31.5, 32.5)",0.01178,0.05076,0.00764,-0.01419,-0.00083,0.00925,-0.00691,0.01953,0.01066,0.02365,0.02821,0.04218,0.03871,0.01408,0.01799,0.00402,0.01475
"(-30.5, 17.5)",0.00072,0.02116,0.02682,0.01431,0.01088,-0.00308,-0.00233,-0.00967,0.00266,-0.00592,0.00067,0.02227,0.02540,0.02707,0.02609,0.00989,0.00215
"(-30.5, 18.5)",0.00359,0.02362,0.01940,0.00787,0.00390,-0.00704,-0.00599,-0.01338,0.00034,-0.00962,-0.00307,0.01618,0.01728,0.02244,0.01789,0.00586,-0.00381
"(-30.5, 19.5)",0.00690,0.02493,0.01132,0.00121,-0.00357,-0.01152,-0.01008,-0.01662,-0.00140,-0.01305,-0.00607,0.00921,0.00883,0.01630,0.00713,-0.00014,-0.00996
"(-30.5, 20.5)",0.01000,0.02445,0.00329,-0.00552,-0.01124,-0.01643,-0.01463,-0.01931,-0.00235,-0.01599,-0.00858,0.00182,0.00019,0.00887,-0.00530,-0.00806,-0.01627
"(-30.5, 21.5)",0.01245,0.02209,-0.00406,-0.01215,-0.01879,-0.02163,-0.01951,-0.02137,-0.00256,-0.01821,-0.01083,-0.00550,-0.00852,0.00040,-0.01830,-0.01749,-0.02262
"(-30.5, 22.5)",0.01403,0.01837,-0.01016,-0.01846,-0.02588,-0.02690,-0.02441,-0.02275,-0.00232,-0.01949,-0.01288,-0.01217,-0.01707,-0.00875,-0.03072,-0.02764,-0.02868
"(-30.5, 23.5)",0.01473,0.01425,-0.01459,-0.02414,-0.03212,-0.03195,-0.02893,-0.02348,-0.00197,-0.01966,-0.01462,-0.01754,-0.02503,-0.01789,-0.04148,-0.03749,-0.03397
"(-30.5, 24.5)",0.01467,0.01081,-0.01707,-0.02888,-0.03708,-0.03639,-0.03266,-0.02365,-0.00175,-0.01858,-0.01583,-0.02088,-0.03164,-0.02602,-0.04958,-0.04582,-0.03782
"(-30.5, 25.5)",0.01399,0.00901,-0.01749,-0.03239,-0.04026,-0.03961,-0.03519,-0.02331,-0.00167,-0.01623,-0.01624,-0.02146,-0.03587,-0.03200,-0.05412,-0.05141,-0.03957
"(-30.5, 26.5)",0.01290,0.00947,-0.01597,-0.03445,-0.04125,-0.04089,-0.03617,-0.02235,-0.00153,-0.01262,-0.01553,-0.01880,-0.03671,-0.03480,-0.05440,-0.05323,-0.03870
"(-30.5, 27.5)",0.01171,0.01241,-0.01284,-0.03492,-0.03981,-0.03954,-0.03535,-0.02046,-0.00102,-0.00787,-0.01341,-0.01287,-0.03342,-0.03388,-0.05017,-0.05072,-0.03502
"(-30.5, 28.5)",0.01078,0.01764,-0.00869,-0.03378,-0.03604,-0.03521,-0.03266,-0.01713,0.00008,-0.00227,-0.00968,-0.00426,-0.02585,-0.02938,-0.04181,-0.04411,-0.02873
"(-30.5, 29.5)",0.01042,0.02457,-0.00429,-0.03116,-0.03039,-0.02809,-0.02826,-0.01187,0.00177,0.00371,-0.00428,0.00592,-0.01457,-0.02209,-0.03042,-0.03448,-0.02045
"(-30.5, 30.5)",0.01073,0.03224,-0.00046,-0.02739,-0.02361,-0.01895,-0.02257,-0.00447,0.00381,0.00940,0.00255,0.01624,-0.00083,-0.01327,-0.01766,-0.02363,-0.01103
"(-30.5, 31.5)",0.01158,0.03946,0.00204,-0.02298,-0.01658,-0.00898,-0.01618,0.00486,0.00576,0.01402,0.01022,0.02527,0.01370,-0.00437,-0.00541,-0.01361,-0.00145
"(-30.5, 32.5)",0.01252,0.04503,0.00268,-0.01858,-0.01014,0.00053,-0.00966,0.01545,0.00718,0.01692,0.01788,0.03185,0.02728,0.00327,0.00476,-0.00618,0.00736
"(-30.5, 33.5)",0.01303,0.04808,0.00135,-0.01486,-0.00486,0.00860,-0.00342,0.02628,0.00773,0.01778,0.02458,0.03533,0.03845,0.00866,0.01195,-0.00223,0.01462
"(-29.5, 17.5)",0.00272,0.02423,0.01891,0.00852,0.00762,-0.00552,-0.00250,-0.00824,0.00405,-0.00710,-0.00176,0.01551,0.01840,0.02168,0.01985,0.00106,-0.00093
"(-29.5, 18.5)",0.00662,0.02695,0.01083,0.00241,0.00053,-0.00882,-0.00588,-0.01223,0.00201,-0.01023,-0.00617,0.00944,0.00990,0.01658,0.01194,-0.00260,-0.00620
"(-29.5, 19.5)",0.01074,0.02825,0.00285,-0.00343,-0.00676,-0.01264,-0.00987,-0.01609,0.00010,-0.01292,-0.00958,0.00302,0.00196,0.01085,0.00192,-0.00764,-0.01147
"(-29.5, 20.5)",0.01420,0.02740,-0.00444,-0.00910,-0.01407,-0.01713,-0.01457,-0.01965,-0.00140,-0.01506,-0.01205,-0.00353,-0.00555,0.00443,-0.00948,-0.01433,-0.01693
"(-29.5, 21.5)",0.01637,0.02429,-0.01065,-0.01477,-0.02127,-0.02231,-0.01985,-0.02272,-0.00239,-0.01659,-0.01371,-0.01002,-0.01292,-0.00284,-0.02140,-0.02263,-0.02269
"(-29.5, 22.5)",0.01701,0.01950,-0.01562,-0.02051,-0.02827,-0.02812,-0.02545,-0.02521,-0.00297,-0.01745,-0.01476,-0.01621,-0.02036,-0.01101,-0.03301,-0.03212,-0.02868
"(-29.5, 23.5)",0.01618,0.01408,-0.01930,-0.02627,-0.03493,-0.03432,-0.03094,-0.02714,-0.00336,-0.01761,-0.01547,-0.02173,-0.02781,-0.01974,-0.04358,-0.04202,-0.03456
"(-29.5, 24.5)",0.01420,0.00924,-0.02168,-0.03181,-0.04099,-0.04044,-0.03585,-0.02857,-0.00374,-0.01704,-0.01611,-0.02599,-0.03470,-0.02825,-0.05237,-0.05124,-0.03970
"(-29.5, 25.5)",0.01152,0.00599,-0.02267,-0.03671,-0.04594,-0.04568,-0.03962,-0.02948,-0.00413,-0.01572,-0.01681,-0.02828,-0.04003,-0.03541,-0.05858,-0.05848,-0.04328
"(-29.5, 26.5)",0.00875,0.00502,-0.02222,-0.04044,-0.04917,-0.04902,-0.04168,-0.02964,-0.00436,-0.01360,-0.01748,-0.02791,-0.04260,-0.04009,-0.06134,-0.06246,-0.04447
"(-29.5, 27.5)",0.00651,0.00663,-0.02029,-0.04247,-0.05005,-0.04942,-0.04157,-0.02858,-0.00416,-0.01063,-0.01768,-0.02448,-0.04139,-0.04145,-0.06001,-0.06221,-0.04272
"(-29.5, 28.5)",0.00537,0.01074,-0.01706,-0.04239,-0.04823,-0.04623,-0.03905,-0.02565,-0.00334,-0.00686,-0.01673,-0.01807,-0.03589,-0.03923,-0.05440,-0.05749,-0.03788
"(-29.5, 29.5)",0.00566,0.01691,-0.01292,-0.04003,-0.04376,-0.03946,-0.03425,-0.02033,-0.00189,-0.00252,-0.01395,-0.00932,-0.02636,-0.03381,-0.04507,-0.04894,-0.03036
"(-29.5, 30.5)",0.00730,0.02428,-0.00855,-0.03565,-0.03717,-0.02989,-0.02773,-0.01241,-0.00003,0.00193,-0.00903,0.00060,-0.01378,-0.02608,-0.03329,-0.03809,-0.02101
"(-29.5, 31.5)",0.00972,0.03166,-0.00479,-0.02992,-0.02935,-0.01890,-0.02033,-0.00222,0.00183,0.00580,-0.00221,0.01029,0.00028,-0.01731,-0.02081,-0.02700,-0.01095
"(-29.5, 32.5)",0.01200,0.03772,-0.00248,-0.02386,-0.02132,-0.00804,-0.01291,0.00936,0.00324,0.00841,0.00569,0.01835,0.01406,-0.00890,-0.00936,-0.01772,-0.00140
"(-29.5, 33.5)",0.01316,0.04132,-0.00221,-0.01861,-0.01400,0.00135,-0.00611,0.02116,0.00386,0.00927,0.01347,0.02368,0.02595,-0.00209,-0.00022,-0.01167,0.00656
"(-29.5, 34.5)",0.01247,0.04191,-0.00412,-0.01504,-0.00795,0.00848,-0.00014,0.03193,0.00355,0.00837,0.01999,0.02572,0.03485,0.00229,0.00607,-0.00922,0.01218
"(-28.5, 17.5)",0.00361,0.02599,0.01227,0.00335,0.00445,-0.00773,-0.00414,-0.00763,0.00482,-0.00840,-0.00464,0.00877,0.00992,0.01432,0.01254,-0.00740,-0.00575
"(-28.5, 18.5)",0.00761,0.02793,0.00366,-0.00259,-0.00266,-0.01065,-0.00742,-0.01187,0.00290,-0.01142,-0.00991,0.00261,0.00105,0.00849,0.00465,-0.01114,-0.01058
"(-28.5, 19.5)",0.01162,0.02805,-0.00414,-0.00795,-0.00988,-0.01415,-0.01147,-0.01638,0.00062,-0.01400,-0.01412,-0.00350,-0.00653,0.00302,-0.00490,-0.01571,-0.01510
"(-28.5, 20.5)",0.01467,0.02577,-0.01064,-0.01300,-0.01711,-0.01845,-0.01638,-0.02089,-0.00163,-0.01609,-0.01711,-0.00953,-0.01313,-0.00239,-0.01549,-0.02158,-0.01961
"(-28.5, 21.5)",0.01607,0.02120,-0.01573,-0.01810,-0.02427,-0.02365,-0.02200,-0.02514,-0.00355,-0.01765,-0.01887,-0.01552,-0.01934,-0.00828,-0.02642,-0.02898,-0.02442
"(-28.5, 22.5)",0.01552,0.01513,-0.01964,-0.02357,-0.03142,-0.02974,-0.02804,-0.02894,-0.00503,-0.01865,-0.01962,-0.02145,-0.02575,-0.01510,-0.03710,-0.03776,-0.02971
"(-28.5, 23.5)",0.01315,0.00876,-0.02272,-0.02952,-0.03857,-0.03653,-0.03407,-0.03223,-0.00614,-0.01910,-0.01986,-0.02716,-0.03255,-0.02288,-0.04711,-0.04735,-0.03534
"(-28.5, 24.5)",0.00943,0.00327,-0.02522,-0.03575,-0.04554,-0.04353,-0.03958,-0.03498,-0.00702,-0.01903,-0.02023,-0.03223,-0.03940,-0.03109,-0.05600,-0.05686,-0.04081
"(-28.5, 25.5)",0.00510,-0.00041,-0.02712,-0.04176,-0.05189,-0.04990,-0.04396,-0.03702,-0.00775,-0.01846,-0.02125,-0.03600,-0.04539,-0.03878,-0.06314,-0.06504,-0.04531
"(-28.5, 26.5)",0.00108,-0.00179,-0.02816,-0.04682,-0.05687,-0.05450,-0.04655,-0.03798,-0.00826,-0.01738,-0.02299,-0.03771,-0.04929,-0.04481,-0.06768,-0.07059,-0.04787
"(-28.5, 27.5)",-0.00173,-0.00070,-0.02792,-0.05013,-0.05965,-0.05615,-0.04677,-0.03734,-0.00838,-0.01575,-0.02495,-0.03669,-0.04992,-0.04821,-0.06875,-0.07237,-0.04770
"(-28.5, 28.5)",-0.00262,0.00273,-0.02608,-0.05100,-0.05956,-0.05403,-0.04433,-0.03448,-0.00795,-0.01352,-0.02614,-0.03261,-0.04652,-0.04840,-0.06577,-0.06978,-0.04444
"(-28.5, 29.5)",-0.00130,0.00815,-0.02265,-0.04907,-0.05638,-0.04803,-0.03937,-0.02898,-0.00691,-0.01076,-0.02545,-0.02569,-0.03903,-0.04530,-0.05882,-0.06300,-0.03828
"(-28.5, 30.5)",0.00188,0.01485,-0.01805,-0.04453,-0.05042,-0.03884,-0.03250,-0.02080,-0.00543,-0.00769,-0.02213,-0.01674,-0.02816,-0.03940,-0.04872,-0.05314,-0.02999
"(-28.5, 31.5)",0.00596,0.02182,-0.01314,-0.03811,-0.04253,-0.02781,-0.02470,-0.01038,-0.00379,-0.00476,-0.01617,-0.00705,-0.01520,-0.03162,-0.03693,-0.04199,-0.02068
"(-28.5, 32.5)",0.00961,0.02782,-0.00904,-0.03102,-0.03379,-0.01658,-0.01699,0.00140,-0.00233,-0.00255,-0.00831,0.00189,-0.00179,-0.02324,-0.02513,-0.03160,-0.01161
"(-28.5, 33.5)",0.01147,0.03167,-0.00677,-0.02464,-0.02525,-0.00659,-0.01012,0.01338,-0.00131,-0.00152,0.00014,0.00868,0.01047,-0.01558,-0.01477,-0.02366,-0.00389
"(-28.5, 34.5)",0.01065,0.03271,-0.00694,-0.02012,-0.01766,0.00122,-0.00430,0.02438,-0.00089,-0.00181,0.00786,0.01247,0.02037,-0.00975,-0.00670,-0.01905,0.00171
"(-27.5, 17.5)",0.00356,0.02741,0.00780,-0.00008,0.00207,-0.00917,-0.00653,-0.00735,0.00576,-0.00955,-0.00747,0.00283,0.00168,0.00679,0.00570,-0.01404,-0.01079
"(-27.5, 18.5)",0.00664,0.02759,-0.00133,-0.00618,-0.00515,-0.01209,-0.00987,-0.01179,0.00365,-0.01298,-0.01384,-0.00369,-0.00778,-0.00016,-0.00253,-0.01831,-0.01542
"(-27.5, 19.5)",0.00956,0.02539,-0.00918,-0.01163,-0.01265,-0.01570,-0.01417,-0.01694,0.00065,-0.01621,-0.01938,-0.01009,-0.01557,-0.00601,-0.01212,-0.02312,-0.01943
"(-27.5, 20.5)",0.01141,0.02063,-0.01530,-0.01674,-0.02030,-0.02019,-0.01943,-0.02246,-0.00272,-0.01912,-0.02372,-0.01642,-0.02207,-0.01117,-0.02250,-0.02903,-0.02316
"(-27.5, 21.5)",0.01153,0.01387,-0.01977,-0.02197,-0.02799,-0.02559,-0.02545,-0.02802,-0.00593,-0.02159,-0.02663,-0.02276,-0.02795,-0.01638,-0.03304,-0.03633,-0.02703
"(-27.5, 22.5)",0.00963,0.00623,-0.02312,-0.02771,-0.03571,-0.03185,-0.03185,-0.03336,-0.00863,-0.02350,-0.02823,-0.02912,-0.03392,-0.02231,-0.04328,-0.04493,-0.03137
"(-27.5, 23.5)",0.00583,-0.00097,-0.02603,-0.03415,-0.04349,-0.03878,-0.03818,-0.03825,-0.01072,-0.02474,-0.02907,-0.03536,-0.04032,-0.02925,-0.05296,-0.05437,-0.03630
"(-27.5, 24.5)",0.00072,-0.00661,-0.02897,-0.04109,-0.05119,-0.04592,-0.04392,-0.04240,-0.01232,-0.02533,-0.02993,-0.04118,-0.04698,-0.03696,-0.06180,-0.06386,-0.04149
"(-27.5, 25.5)",-0.00477,-0.01002,-0.03201,-0.04798,-0.05843,-0.05253,-0.04847,-0.04544,-0.01355,-0.02533,-0.03150,-0.04601,-0.05318,-0.04473,-0.06940,-0.07236,-0.04626
"(-27.5, 26.5)",-0.00950,-0.01104,-0.03474,-0.05401,-0.06449,-0.05755,-0.05119,-0.04686,-0.01449,-0.02489,-0.03398,-0.04918,-0.05785,-0.05161,-0.07504,-0.07874,-0.04967
"(-27.5, 27.5)",-0.01238,-0.00982,-0.03643,-0.05826,-0.06849,-0.05990,-0.05152,-0.04616,-0.01508,-0.02411,-0.03688,-0.04996,-0.05989,-0.05664,-0.07786,-0.08197,-0.05087
"(-27.5, 28.5)",-0.01267,-0.00668,-0.03635,-0.05995,-0.06968,-0.05879,-0.04919,-0.04299,-0.01522,-0.02304,-0.03914,-0.04787,-0.05845,-0.05904,-0.07712,-0.08135,-0.04935
"(-27.5, 29.5)",-0.01020,-0.00200,-0.03407,-0.05867,-0.06770,-0.05402,-0.04435,-0.03725,-0.01484,-0.02168,-0.03953,-0.04282,-0.05325,-0.05837,-0.07260,-0.07678,-0.04516
"(-27.5, 30.5)",-0.00555,0.00371,-0.02974,-0.05452,-0.06273,-0.04611,-0.03762,-0.02917,-0.01396,-0.02003,-0.03713,-0.03528,-0.04460,-0.05464,-0.06470,-0.06886,-0.03885
"(-27.5, 31.5)",0.00003,0.00973,-0.02410,-0.04822,-0.05547,-0.03617,-0.02996,-0.01928,-0.01265,-0.01822,-0.03179,-0.02629,-0.03342,-0.04832,-0.05446,-0.05885,-0.03133
"(-27.5, 32.5)",0.00495,0.01513,-0.01838,-0.04092,-0.04688,-0.02562,-0.02235,-0.00830,-0.01104,-0.01647,-0.02413,-0.01722,-0.02099,-0.04037,-0.04328,-0.04845,-0.02365
"(-27.5, 33.5)",0.00770,0.01900,-0.01390,-0.03399,-0.03796,-0.01576,-0.01551,0.00294,-0.00923,-0.01506,-0.01532,-0.00950,-0.00871,-0.03206,-0.03250,-0.03927,-0.01670
"(-27.5, 34.5)",0.00734,0.02073,-0.01168,-0.02858,-0.02941,-0.00747,-0.00965,0.01361,-0.00731,-0.01415,-0.00663,-0.00411,0.00222,-0.02462,-0.02307,-0.03242,-0.01109
"(-27.5, 35.5)",0.00380,0.02036,-0.01207,-0.02529,-0.02162,-0.00111,-0.00450,0.02300,-0.00537,-0.01362,0.00104,-0.00131,0.01104,-0.01890,-0.01539,-0.02815,-0.00706
"(-26.5, 17.5)",0.00390,0.02976,0.00632,-0.00085,0.00124,-0.00871,-0.00788,-0.00615,0.00798,-0.01006,-0.00901,-0.00165,-0.00422,0.00175,0.00112,-0.01751,-0.01367
"(-26.5, 18.5)",0.00539,0.02767,-0.00332,-0.00735,-0.00611,-0.01182,-0.01129,-0.01063,0.00544,-0.01421,-0.01658,-0.00872,-0.01438,-0.00656,-0.00761,-0.02251,-0.01812
"(-26.5, 19.5)",0.00656,0.02263,-0.01154,-0.01332,-0.01406,-0.01578,-0.01584,-0.01622,0.00147,-0.01854,-0.02373,-0.01588,-0.02293,-0.01349,-0.01759,-0.02811,-0.02177
"(-26.5, 20.5)",0.00673,0.01500,-0.01787,-0.01904,-0.02238,-0.02064,-0.02147,-0.02263,-0.00328,-0.02281,-0.02993,-0.02320,-0.03014,-0.01940,-0.02827,-0.03481,-0.02494
"(-26.5, 21.5)",0.00531,0.00584,-0.02245,-0.02493,-0.03084,-0.02632,-0.02789,-0.02950,-0.00807,-0.02677,-0.03476,-0.03062,-0.03657,-0.02494,-0.03905,-0.04279,-0.02808
"(-26.5, 22.5)",0.00201,-0.00344,-0.02593,-0.03139,-0.03930,-0.03267,-0.03465,-0.03646,-0.01231,-0.03009,-0.03820,-0.03799,-0.04279,-0.03078,-0.04946,-0.05186,-0.03164
"(-26.5, 23.5)",-0.00305,-0.01143,-0.02916,-0.03856,-0.04769,-0.03944,-0.04124,-0.04306,-0.01572,-0.03254,-0.04063,-0.04506,-0.04914,-0.03732,-0.05924,-0.06148,-0.03589
"(-26.5, 24.5)",-0.00925,-0.01715,-0.03279,-0.04626,-0.05589,-0.04625,-0.04710,-0.04867,-0.01834,-0.03399,-0.04275,-0.05149,-0.05556,-0.04456,-0.06819,-0.07088,-0.04072
"(-26.5, 25.5)",-0.01551,-0.02019,-0.03700,-0.05391,-0.06358,-0.05250,-0.05169,-0.05261,-0.02035,-0.03457,-0.04519,-0.05688,-0.06162,-0.05217,-0.07603,-0.07923,-0.04562
"(-26.5, 26.5)",-0.02056,-0.02073,-0.04134,-0.06068,-0.07017,-0.05740,-0.05447,-0.05425,-0.02195,-0.03457,-0.04818,-0.06075,-0.06662,-0.05952,-0.08227,-0.08575,-0.04981
"(-26.5, 27.5)",-0.02323,-0.01925,-0.04493,-0.06569,-0.07492,-0.06016,-0.05499,-0.05323,-0.02326,-0.03434,-0.05134,-0.06263,-0.06971,-0.06584,-0.08625,-0.08980,-0.05247
"(-26.5, 28.5)",-0.02283,-0.01631,-0.04674,-0.06822,-0.07716,-0.06016,-0.05306,-0.04961,-0.02429,-0.03415,-0.05377,-0.06209,-0.07018,-0.07030,-0.08738,-0.09089,-0.05307
"(-26.5, 29.5)",-0.01938,-0.01238,-0.04605,-0.06790,-0.07649,-0.05719,-0.04884,-0.04380,-0.02494,-0.03407,-0.05444,-0.05891,-0.06756,-0.07215,-0.08530,-0.08882,-0.05147
"(-26.5, 30.5)",-0.01366,-0.00785,-0.04268,-0.06482,-0.07298,-0.05151,-0.04286,-0.03640,-0.02507,-0.03392,-0.05256,-0.05329,-0.06175,-0.07089,-0.08011,-0.08375,-0.04796
"(-26.5, 31.5)",-0.00706,-0.00311,-0.03715,-0.05956,-0.06708,-0.04383,-0.03588,-0.02798,-0.02450,-0.03344,-0.04790,-0.04587,-0.05312,-0.06646,-0.07236,-0.07626,-0.04309
"(-26.5, 32.5)",-0.00119,0.00134,-0.03053,-0.05305,-0.05951,-0.03506,-0.02870,-0.01891,-0.02301,-0.03237,-0.04084,-0.03767,-0.04242,-0.05935,-0.06291,-0.06731,-0.03745
"(-26.5, 33.5)",0.00248,0.00502,-0.02422,-0.04636,-0.05098,-0.02610,-0.02189,-0.00944,-0.02043,-0.03062,-0.03221,-0.02982,-0.03067,-0.05057,-0.05271,-0.05806,-0.03157
"(-26.5, 34.5)",0.00309,0.00757,-0.01946,-0.04046,-0.04206,-0.01767,-0.01565,0.00021,-0.01671,-0.02824,-0.02293,-0.02321,-0.01894,-0.04137,-0.04260,-0.04952,-0.02582
"(-26.5, 35.5)",0.00060,0.00900,-0.01701,-0.03594,-0.03316,-0.01020,-0.00979,0.00972,-0.01203,-0.02534,-0.01372,-0.01813,-0.00811,-0.03292,-0.03313,-0.04227,-0.02041
"(-26.5, 36.5)",-0.00420,0.00982,-0.01689,-0.03289,-0.02449,-0.00382,-0.00395,0.01861,-0.00681,-0.02190,-0.00498,-0.01423,0.00130,-0.02586,-0.02445,-0.03625,-0.01544
"(-25.5, 17.5)",0.00572,0.03314,0.00754,0.00075,0.00193,-0.00592,-0.00704,-0.00353,0.01156,-0.01004,-0.00905,-0.00505,-0.00715,0.00061,-0.00092,-0.01798,-0.01328
"(-25.5, 18.5)",0.00548,0.02891,-0.00248,-0.00613,-0.00537,-0.00908,-0.01033,-0.00778,0.00857,-0.01492,-0.01759,-0.01251,-0.01775,-0.00891,-0.00996,-0.02360,-0.01736
"(-25.5, 19.5)",0.00485,0.02143,-0.01125,-0.01266,-0.01349,-0.01317,-0.01487,-0.01344,0.00370,-0.02028,-0.02607,-0.02037,-0.02709,-0.01726,-0.02020,-0.03003,-0.02062
"(-25.5, 20.5)",0.00333,0.01155,-0.01822,-0.01904,-0.02215,-0.01815,-0.02059,-0.02031,-0.00234,-0.02582,-0.03392,-0.02867,-0.03528,-0.02451,-0.03117,-0.03767,-0.02336
"(-25.5, 21.5)",0.00043,0.00065,-0.02344,-0.02562,-0.03102,-0.02386,-0.02719,-0.02811,-0.00863,-0.03115,-0.04065,-0.03720,-0.04259,-0.03103,-0.04228,-0.04657,-0.02604
"(-25.5, 22.5)",-0.00414,-0.00976,-0.02753,-0.03276,-0.03983,-0.03007,-0.03415,-0.03639,-0.01439,-0.03582,-0.04609,-0.04556,-0.04931,-0.03724,-0.05302,-0.05631,-0.02916
"(-25.5, 23.5)",-0.01028,-0.01836,-0.03135,-0.04061,-0.04843,-0.03647,-0.04087,-0.04443,-0.01915,-0.03944,-0.05041,-0.05328,-0.05566,-0.04352,-0.06302,-0.06618,-0.03305
"(-25.5, 24.5)",-0.01729,-0.02432,-0.03565,-0.04894,-0.05670,-0.04270,-0.04680,-0.05124,-0.02282,-0.04177,-0.05405,-0.05994,-0.06169,-0.05016,-0.07203,-0.07535,-0.03777
"(-25.5, 25.5)",-0.02400,-0.02740,-0.04071,-0.05719,-0.06442,-0.04833,-0.05142,-0.05582,-0.02560,-0.04291,-0.05742,-0.06529,-0.06729,-0.05726,-0.07985,-0.08317,-0.04297
"(-25.5, 26.5)",-0.02905,-0.02791,-0.04617,-0.06456,-0.07122,-0.05292,-0.05433,-0.05743,-0.02783,-0.04324,-0.06068,-0.06920,-0.07221,-0.06470,-0.08621,-0.08930,-0.04807
"(-25.5, 27.5)",-0.03128,-0.02648,-0.05118,-0.07027,-0.07657,-0.05602,-0.05525,-0.05596,-0.02984,-0.04337,-0.06363,-0.07155,-0.07608,-0.07203,-0.09085,-0.09361,-0.05240
"(-25.5, 28.5)",-0.03019,-0.02383,-0.05468,-0.07372,-0.07994,-0.05732,-0.05412,-0.05198,-0.03183,-0.04385,-0.06575,-0.07219,-0.07839,-0.07848,-0.09348,-0.09607,-0.05542
"(-25.5, 29.5)",-0.02602,-0.02055,-0.05578,-0.07467,-0.08097,-0.05664,-0.05108,-0.04648,-0.03378,-0.04488,-0.06643,-0.07096,-0.07857,-0.08303,-0.09385,-0.09662,-0.05684
"(-25.5, 30.5)",-0.01973,-0.01705,-0.05403,-0.07322,-0.07954,-0.05397,-0.04648,-0.04044,-0.03541,-0.04622,-0.06517,-0.06779,-0.07612,-0.08468,-0.09186,-0.09508,-0.05662
"(-25.5, 31.5)",-0.01272,-0.01351,-0.04962,-0.06979,-0.07579,-0.04948,-0.04079,-0.03438,-0.03622,-0.04722,-0.06170,-0.06285,-0.07076,-0.08273,-0.08751,-0.09130,-0.05487
"(-25.5, 32.5)",-0.00647,-0.01006,-0.04328,-0.06496,-0.07000,-0.04341,-0.03447,-0.02822,-0.03559,-0.04714,-0.05605,-0.05659,-0.06259,-0.07711,-0.08097,-0.08531,-0.05167
"(-25.5, 33.5)",-0.00218,-0.00675,-0.03615,-0.05941,-0.06255,-0.03616,-0.02789,-0.02147,-0.03294,-0.04542,-0.04845,-0.04962,-0.05210,-0.06841,-0.07257,-0.07745,-0.04712
"(-25.5, 34.5)",-0.00058,-0.00362,-0.02948,-0.05376,-0.05383,-0.02815,-0.02121,-0.01361,-0.02797,-0.04191,-0.03926,-0.04249,-0.04015,-0.05778,-0.06279,-0.06835,-0.04132
"(-25.5, 35.5)",-0.00170,-0.00060,-0.02435,-0.04852,-0.04429,-0.01990,-0.01448,-0.00450,-0.02086,-0.03686,-0.02893,-0.03549,-0.02774,-0.04663,-0.05220,-0.05870,-0.03454
"(-25.5, 36.5)",-0.00500,0.00249,-0.02133,-0.04401,-0.03449,-0.01191,-0.00763,0.00542,-0.01234,-0.03071,-0.01798,-0.02855,-0.01582,-0.03620,-0.04136,-0.04908,-0.02723
"(-24.5, 17.5)",0.00868,0.03600,0.00967,0.00294,0.00293,-0.00189,-0.00468,-0.00062,0.01496,-0.01054,-0.00924,-0.00883,-0.00877,0.00236,-0.00214,-0.01754,-0.01102
"(-24.5, 18.5)",0.00703,0.03018,-0.00045,-0.00405,-0.00401,-0.00471,-0.00765,-0.00439,0.01175,-0.01592,-0.01831,-0.01622,-0.01920,-0.00788,-0.01108,-0.02343,-0.01454
"(-24.5, 19.5)",0.00497,0.02137,-0.00963,-0.01076,-0.01173,-0.00836,-0.01179,-0.00965,0.00638,-0.02186,-0.02742,-0.02417,-0.02881,-0.01747,-0.02107,-0.03026,-0.01732
"(-24.5, 20.5)",0.00215,0.01070,-0.01727,-0.01735,-0.01998,-0.01287,-0.01714,-0.01638,-0.00047,-0.02802,-0.03605,-0.03274,-0.03752,-0.02609,-0.03177,-0.03841,-0.01973
"(-24.5, 21.5)",-0.00187,-0.00048,-0.02325,-0.02413,-0.02842,-0.01810,-0.02343,-0.02442,-0.00782,-0.03402,-0.04382,-0.04165,-0.04532,-0.03358,-0.04269,-0.04779,-0.02222
"(-24.5, 22.5)",-0.00740,-0.01092,-0.02801,-0.03149,-0.03678,-0.02379,-0.03014,-0.03324,-0.01469,-0.03939,-0.05051,-0.05032,-0.05222,-0.04001,-0.05331,-0.05783,-0.02523
"(-24.5, 23.5)",-0.01429,-0.01960,-0.03232,-0.03956,-0.04486,-0.02960,-0.03665,-0.04193,-0.02039,-0.04368,-0.05613,-0.05805,-0.05825,-0.04570,-0.06311,-0.06762,-0.02911
"(-24.5, 24.5)",-0.02172,-0.02586,-0.03692,-0.04814,-0.05258,-0.03514,-0.04237,-0.04918,-0.02465,-0.04656,-0.06079,-0.06434,-0.06352,-0.05121,-0.07173,-0.07625,-0.03391
"(-24.5, 25.5)",-0.02840,-0.02945,-0.04217,-0.05666,-0.05987,-0.04009,-0.04683,-0.05374,-0.02763,-0.04801,-0.06460,-0.06906,-0.06824,-0.05722,-0.07897,-0.08319,-0.03948
"(-24.5, 26.5)",-0.03293,-0.03047,-0.04790,-0.06438,-0.06655,-0.04428,-0.04977,-0.05487,-0.02983,-0.04845,-0.06765,-0.07239,-0.07265,-0.06419,-0.08484,-0.08846,-0.04542
"(-24.5, 27.5)",-0.03429,-0.02942,-0.05345,-0.07060,-0.07237,-0.04764,-0.05108,-0.05274,-0.03187,-0.04860,-0.06993,-0.07466,-0.07684,-0.07208,-0.08950,-0.09251,-0.05123
"(-24.5, 28.5)",-0.03224,-0.02701,-0.05793,-0.07487,-0.07697,-0.05016,-0.05085,-0.04842,-0.03425,-0.04927,-0.07143,-0.07607,-0.08058,-0.08024,-0.09309,-0.09583,-0.05644
"(-24.5, 29.5)",-0.02734,-0.02397,-0.06048,-0.07707,-0.07999,-0.05177,-0.04921,-0.04343,-0.03714,-0.05086,-0.07206,-0.07661,-0.08329,-0.08741,-0.09565,-0.09865,-0.06062
"(-24.5, 30.5)",-0.02073,-0.02085,-0.06053,-0.07733,-0.08108,-0.05223,-0.04631,-0.03904,-0.04025,-0.05319,-0.07167,-0.07600,-0.08409,-0.09213,-0.09694,-0.10062,-0.06343
"(-24.5, 31.5)",-0.01378,-0.01793,-0.05792,-0.07594,-0.07995,-0.05116,-0.04229,-0.03568,-0.04281,-0.05542,-0.06994,-0.07396,-0.08213,-0.09310,-0.09645,-0.10095,-0.06454
"(-24.5, 32.5)",-0.00770,-0.01516,-0.05292,-0.07319,-0.07643,-0.04820,-0.03723,-0.03282,-0.04375,-0.05640,-0.06641,-0.07026,-0.07684,-0.08963,-0.09362,-0.09875,-0.06363
"(-24.5, 33.5)",-0.00340,-0.01232,-0.04623,-0.06935,-0.07050,-0.04316,-0.03125,-0.02926,-0.04204,-0.05516,-0.06060,-0.06491,-0.06820,-0.08180,-0.08802,-0.09342,-0.06045
"(-24.5, 34.5)",-0.00136,-0.00918,-0.03885,-0.06471,-0.06241,-0.03622,-0.02454,-0.02379,-0.03702,-0.05129,-0.05225,-0.05804,-0.05680,-0.07056,-0.07961,-0.08496,-0.05495
"(-24.5, 35.5)",-0.00166,-0.00556,-0.03199,-0.05966,-0.05278,-0.02796,-0.01733,-0.01585,-0.02875,-0.04505,-0.04154,-0.04987,-0.04372,-0.05745,-0.06888,-0.07406,-0.04746
"(-24.5, 36.5)",-0.00400,-0.00149,-0.02676,-0.05474,-0.04258,-0.01924,-0.00997,-0.00579,-0.01816,-0.03724,-0.02917,-0.04069,-0.03026,-0.04427,-0.05676,-0.06182,-0.03876
"(-23.5, 17.5)",0.01131,0.03627,0.01052,0.00355,0.00259,0.00129,-0.00287,0.00051,0.01605,-0.01287,-0.01209,-0.01448,-0.01184,0.00441,-0.00512,-0.01900,-0.00995
"(-23.5, 18.5)",0.00873,0.02949,0.00069,-0.00320,-0.00379,-0.00081,-0.00551,-0.00267,0.01294,-0.01853,-0.02130,-0.02134,-0.02151,-0.00606,-0.01358,-0.02480,-0.01291
"(-23.5, 19.5)",0.00583,0.02064,-0.00854,-0.00962,-0.01067,-0.00350,-0.00904,-0.00721,0.00754,-0.02454,-0.03031,-0.02868,-0.03065,-0.01654,-0.02283,-0.03156,-0.01535
"(-23.5, 20.5)",0.00228,0.01083,-0.01654,-0.01584,-0.01789,-0.00700,-0.01363,-0.01329,0.00041,-0.03062,-0.03878,-0.03671,-0.03917,-0.02625,-0.03269,-0.03965,-0.01770
"(-23.5, 21.5)",-0.00238,0.00102,-0.02305,-0.02223,-0.02523,-0.01132,-0.01911,-0.02083,-0.00747,-0.03648,-0.04651,-0.04516,-0.04684,-0.03447,-0.04282,-0.04893,-0.02039
"(-23.5, 22.5)",-0.00843,-0.00812,-0.02827,-0.02919,-0.03245,-0.01624,-0.02507,-0.02929,-0.01495,-0.04177,-0.05338,-0.05336,-0.05342,-0.04079,-0.05271,-0.05875,-0.02372
"(-23.5, 23.5)",-0.01555,-0.01609,-0.03278,-0.03691,-0.03937,-0.02136,-0.03089,-0.03756,-0.02105,-0.04607,-0.05925,-0.06047,-0.05876,-0.04547,-0.06172,-0.06805,-0.02784
"(-23.5, 24.5)",-0.02276,-0.02238,-0.03721,-0.04519,-0.04593,-0.02620,-0.03598,-0.04416,-0.02520,-0.04897,-0.06396,-0.06590,-0.06295,-0.04937,-0.06934,-0.07586,-0.03279
"(-23.5, 25.5)",-0.02862,-0.02652,-0.04196,-0.05349,-0.05219,-0.03043,-0.03987,-0.04775,-0.02746,-0.05032,-0.06735,-0.06955,-0.06643,-0.05369,-0.07537,-0.08168,-0.03847
"(-23.5, 26.5)",-0.03177,-0.02819,-0.04704,-0.06109,-0.05821,-0.03404,-0.04239,-0.04768,-0.02846,-0.05038,-0.06942,-0.07183,-0.06980,-0.05950,-0.08004,-0.08577,-0.04471
"(-23.5, 27.5)",-0.03146,-0.02746,-0.05206,-0.06737,-0.06400,-0.03726,-0.04363,-0.04443,-0.02916,-0.04991,-0.07040,-0.07341,-0.07354,-0.06717,-0.08392,-0.08899,-0.05118
"(-23.5, 28.5)",-0.02784,-0.02486,-0.05642,-0.07196,-0.06942,-0.04037,-0.04378,-0.03944,-0.03049,-0.04981,-0.07076,-0.07483,-0.07771,-0.07615,-0.08763,-0.09232,-0.05751
"(-23.5, 29.5)",-0.02184,-0.02128,-0.05950,-0.07485,-0.07410,-0.04343,-0.04302,-0.03457,-0.03298,-0.05078,-0.07092,-0.07624,-0.08176,-0.08508,-0.09149,-0.09632,-0.06317
"(-23.5, 30.5)",-0.01480,-0.01757,-0.06075,-0.07621,-0.07745,-0.04611,-0.04139,-0.03125,-0.03649,-0.05281,-0.07105,-0.07731,-0.08464,-0.09213,-0.09524,-0.10066,-0.06762
"(-23.5, 31.5)",-0.00803,-0.01431,-0.05981,-0.07628,-0.07875,-0.04767,-0.03874,-0.02984,-0.04013,-0.05516,-0.07074,-0.07740,-0.08507,-0.09557,-0.09801,-0.10417,-0.07026
"(-23.5, 32.5)",-0.00250,-0.01161,-0.05653,-0.07518,-0.07734,-0.04727,-0.03489,-0.02950,-0.04253,-0.05658,-0.06910,-0.07579,-0.08204,-0.09420,-0.09859,-0.10522,-0.07057
"(-23.5, 33.5)",0.00121,-0.00919,-0.05109,-0.07294,-0.07289,-0.04433,-0.02976,-0.02858,-0.04223,-0.05584,-0.06505,-0.07194,-0.07513,-0.08768,-0.09586,-0.10245,-0.06820
"(-23.5, 34.5)",0.00284,-0.00666,-0.04415,-0.06964,-0.06559,-0.03881,-0.02353,-0.02550,-0.03824,-0.05230,-0.05781,-0.06564,-0.06472,-0.07667,-0.08930,-0.09528,-0.06312
"(-23.5, 35.5)",0.00231,-0.00374,-0.03685,-0.06561,-0.05629,-0.03135,-0.01662,-0.01936,-0.03041,-0.04612,-0.04740,-0.05709,-0.05188,-0.06274,-0.07926,-0.08422,-0.05579
"(-23.5, 36.5)",-0.00026,-0.00047,-0.03064,-0.06149,-0.04641,-0.02307,-0.00963,-0.01040,-0.01968,-0.03820,-0.03474,-0.04686,-0.03814,-0.04806,-0.06692,-0.07076,-0.04715
"(-22.5, 17.5)",0.01272,0.03344,0.00916,0.00156,0.00019,0.00216,-0.00327,-0.00141,0.01381,-0.01765,-0.01880,-0.02233,-0.01815,0.00429,-0.01132,-0.02402,-0.01247
"(-22.5, 18.5)",0.00974,0.02616,0.00004,-0.00470,-0.00571,0.00088,-0.00583,-0.00406,0.01101,-0.02346,-0.02798,-0.02853,-0.02677,-0.00619,-0.01927,-0.02967,-0.01525
"(-22.5, 19.5)",0.00656,0.01816,-0.00881,-0.01056,-0.01182,-0.00076,-0.00888,-0.00788,0.00584,-0.02935,-0.03665,-0.03509,-0.03513,-0.01744,-0.02777,-0.03631,-0.01788
"(-22.5, 20.5)",0.00278,0.01034,-0.01679,-0.01618,-0.01810,-0.00322,-0.01268,-0.01319,-0.00134,-0.03506,-0.04462,-0.04236,-0.04316,-0.02823,-0.03682,-0.04429,-0.02088
"(-22.5, 21.5)",-0.00207,0.00303,-0.02355,-0.02195,-0.02440,-0.00671,-0.01723,-0.01993,-0.00959,-0.04045,-0.05186,-0.05014,-0.05054,-0.03726,-0.04621,-0.05344,-0.02453
"(-22.5, 22.5)",-0.00813,-0.00385,-0.02907,-0.02828,-0.03051,-0.01105,-0.02224,-0.02745,-0.01755,-0.04531,-0.05834,-0.05774,-0.05680,-0.04370,-0.05536,-0.06303,-0.02882
"(-22.5, 23.5)",-0.01484,-0.01033,-0.03367,-0.03533,-0.03618,-0.01569,-0.02714,-0.03453,-0.02384,-0.04928,-0.06381,-0.06423,-0.06160,-0.04763,-0.06352,-0.07193,-0.03361
"(-22.5, 24.5)",-0.02098,-0.01604,-0.03779,-0.04290,-0.04133,-0.01998,-0.03131,-0.03961,-0.02751,-0.05188,-0.06786,-0.06886,-0.06490,-0.05010,-0.07002,-0.07906,-0.03878
"(-22.5, 25.5)",-0.02505,-0.02023,-0.04176,-0.05049,-0.04605,-0.02349,-0.03427,-0.04142,-0.02837,-0.05276,-0.07011,-0.07146,-0.06714,-0.05271,-0.07459,-0.08389,-0.04425
"(-22.5, 26.5)",-0.02586,-0.02206,-0.04568,-0.05740,-0.05064,-0.02623,-0.03585,-0.03951,-0.02709,-0.05194,-0.07049,-0.07247,-0.06908,-0.05691,-0.07763,-0.08671,-0.04999
"(-22.5, 27.5)",-0.02307,-0.02111,-0.04937,-0.06308,-0.05542,-0.02858,-0.03622,-0.03456,-0.02495,-0.05001,-0.06944,-0.07270,-0.07144,-0.06337,-0.08001,-0.08859,-0.05587
"(-22.5, 28.5)",-0.01729,-0.01770,-0.05258,-0.06722,-0.06052,-0.03109,-0.03570,-0.02820,-0.02335,-0.04790,-0.06777,-0.07292,-0.07450,-0.07168,-0.08271,-0.09081,-0.06158
"(-22.5, 29.5)",-0.00983,-0.01281,-0.05499,-0.06986,-0.06565,-0.03401,-0.03456,-0.02237,-0.02329,-0.04650,-0.06634,-0.07348,-0.07787,-0.08046,-0.08632,-0.09421,-0.06659
"(-22.5, 30.5)",-0.00219,-0.00768,-0.05626,-0.07122,-0.07007,-0.03705,-0.03287,-0.01851,-0.02498,-0.04621,-0.06553,-0.07416,-0.08052,-0.08781,-0.09065,-0.09867,-0.07027
"(-22.5, 31.5)",0.00440,-0.00330,-0.05604,-0.07155,-0.07271,-0.03942,-0.03043,-0.01699,-0.02768,-0.04670,-0.06496,-0.07423,-0.08112,-0.09187,-0.09467,-0.10296,-0.07202
"(-22.5, 32.5)",0.00921,-0.00010,-0.05394,-0.07098,-0.07255,-0.04011,-0.02696,-0.01701,-0.02999,-0.04699,-0.06354,-0.07282,-0.07854,-0.09127,-0.09685,-0.10520,-0.07144
"(-22.5, 33.5)",0.01191,0.00207,-0.04978,-0.06954,-0.06900,-0.03837,-0.02236,-0.01699,-0.03034,-0.04597,-0.05989,-0.06917,-0.07223,-0.08549,-0.09572,-0.10362,-0.06844
"(-22.5, 34.5)",0.01240,0.00361,-0.04387,-0.06731,-0.06228,-0.03411,-0.01682,-0.01535,-0.02754,-0.04288,-0.05309,-0.06297,-0.06247,-0.07500,-0.09047,-0.09730,-0.06327
"(-22.5, 35.5)",0.01066,0.00487,-0.03716,-0.06464,-0.05348,-0.02796,-0.01085,-0.01114,-0.02127,-0.03769,-0.04317,-0.05443,-0.05032,-0.06123,-0.08133,-0.08660,-0.05655
"(-22.5, 36.5)",0.00675,0.00592,-0.03121,-0.06217,-0.04438,-0.02112,-0.00512,-0.00438,-0.01225,-0.03109,-0.03127,-0.04431,-0.03736,-0.04647,-0.06958,-0.07315,-0.04922
